{
	"id": "socketlib",
	"title": "socketlib",
	"description": "A library for easier handling of foundry sockets",
	"version": "1.1.0",
	"compatibility": {
		"minimum": "11",
		"verified": "12"
	},
	"library": true,
	"authors": [
		{
			"name": "Manuel Vögele",
			"email": "develop@manuel-voegele.de",
			"discord": "Stäbchenfisch#5107",
			"flags": {}
		}
	],
	"esmodules": [
		"src/socketlib.js"
	],
	"url": "https://github.com/marcoswalker/modulos_foundry/tree/main/socketlib",
	"download": "https://raw.githubusercontent.com/marcoswalker/modulos_foundry/main/socketlib.zip",
	"manifest": "https://raw.githubusercontent.com/marcoswalker/modulos_foundry/main/socketlib/module.json",
}
