{
	"id": "drag-ruler",
	"title": "Drag Ruler",
	"description": "When dragging a token displays a ruler showing how far you've moved that token.",
	"version": "1.14.2",
	"compatibility": {
		"minimum": "12",
		"verified": "12",
		"maximum": "12"
	},
	"authors": [
		{
			"name": "Manuel Vögele",
			"email": "develop@manuel-voegele.de",
			"discord": "stabchenfisch"
		}
	],
	"esmodules": [
		"src/libwrapper_shim.js",
		"src/main.js",
		"src/socket.js"
	],
	"templates": [
		"speed_provider_settings.html"
	],
	"languages": [
		{
			"lang": "de",
			"name": "Deutsch",
			"path": "lang/de.json"
		},
		{
			"lang": "en",
			"name": "English",
			"path": "lang/en.json"
		},
		{
			"lang": "es",
			"name": "Español",
			"path": "lang/es.json"
		},
		{
			"lang": "fr",
			"name": "Français",
			"path": "lang/fr.json"
		},
		{
			"lang": "ja",
			"name": "日本語",
			"path": "lang/ja.json"
		},
		{
			"lang": "ko",
			"name": "한국어",
			"path": "lang/ko.json"
		},
		{
			"lang": "zh-tw",
			"name": "正體中文",
			"path": "lang/zh-tw.json"
		},
		{
			"lang": "cn",
			"name": "中文（简体）",
			"path": "lang/zh_Hans.json"
		},
		{
			"lang": "pt-BR",
			"name": "Português (Brasil)",
			"path": "lang/pt_BR.json"
		}
	],
	"relationships": {
		"requires": [
			{
				"id": "socketlib",
				"type": "module",
				"manifest": "https://raw.githubusercontent.com/manuelVo/foundryvtt-socketlib/master/module.json"
			}
		]
	},
	"socket": true,
	"url": "https://github.com/manuelVo/foundryvtt-drag-ruler",
	"download": "https://raw.githubusercontent.com/marcoswalker/modulos_foundry/main/drag-ruler.zip",
	"manifest": "https://raw.githubusercontent.com/marcoswalker/modulos_foundry/main/drag-ruler/module.json",
	"readme": "https://github.com/manuelVo/foundryvtt-drag-ruler/blob/master/README.md",
	"changelog": "https://github.com/manuelVo/foundryvtt-drag-ruler/blob/master/CHANGELOG.md",
	"bugs": "https://github.com/manuelVo/foundryvtt-drag-ruler/issues",
	"allowBugReporter": true
}
