{
    "id": "dice-so-nice",
    "title": "Dice So Nice!",
    "description": "Adds customizable 3D dice to Foundry VTT with lots of options to fit your playstyle.",
    "version": "5.1.8",
    "compatibility": {
        "minimum": 12,
        "verified": "13.336"
    },
    "authors": [
        {
            "name": "JDW",
            "discord": "JDW#6422",
            "reddit": "u/jidewe",
            "ko-fi": "jdwfvtt"
        },
        {
            "name": "Simone",
            "discord": "Simone [UTC +2]#6710"
        }
    ],
    "esmodules": [
        "./main.js"
    ],
    "scripts": [
        "./libs/select2.min.js"
    ],
    "socket": true,
    "styles": [
        "./css/style.css",
        "./css/select2.css"
    ],
    "languages": [
        {
            "lang": "en",
            "name": "English",
            "path": "./lang/en.json"
        },
        {
            "lang": "it",
            "name": "Italian",
            "path": "./lang/it.json"
        },
        {
            "lang": "es",
            "name": "Español",
            "path": "./lang/es.json"
        },
        {
            "lang": "ca",
            "name": "Català",
            "path": "./lang/ca.json"
        },
        {
            "lang": "zh-tw",
            "name": "正體中文",
            "path": "./lang/zh-tw.json"
        },
        {
            "lang": "ko",
            "name": "Korean",
            "path": "./lang/ko.json"
        },
        {
            "lang": "pt-BR",
            "name": "Português (Brasil)",
            "path": "./lang/pt-BR.json"
        },
        {
            "lang": "fr",
            "name": "Français",
            "path": "./lang/fr.json"
        },
        {
            "lang": "ja",
            "name": "日本語",
            "path": "./lang/ja.json"
        },
        {
            "lang": "de",
            "name": "Deutsch",
            "path": "./lang/de.json"
        },
        {
            "lang": "cs",
            "name": "Česky",
            "path": "./lang/cs.json"
        },
        {
            "lang": "fi",
            "name": "Suomi",
            "path": "./lang/fi.json"
        },
        {
            "lang": "sv",
            "name": "Svenska",
            "path": "./lang/sv.json"
        },
        {
            "lang": "ro",
            "name": "Română",
            "path": "./lang/ro.json"
        },
        {
            "lang": "ru",
            "name": "Русский",
            "path": "./lang/ru.json"
        },
        {
            "lang": "pl",
            "name": "polski",
            "path": "./lang/pl.json"
        },
        {
            "lang": "cn",
            "name": "中文（简体）",
            "path": "./lang/zh_Hans.json"
        },
        {
            "lang": "hu",
            "name": "Magyar",
            "path": "./lang/hu.json"
        },
        {
            "lang": "tr",
            "name": "Türkçe",
            "path": "./lang/tr.json"
        }
    ],
    "media": [
        {
            "type": "cover",
            "url": "https://gitlab.com/riccisi/foundryvtt-dice-so-nice/-/raw/master/cover.jpg"
        },
        {
            "type": "video",
            "url": "https://gitlab.com/riccisi/foundryvtt-dice-so-nice/-/raw/master/dsnloop-360.webm",
            "loop": true
        },
        {
            "type": "video",
            "url": "https://www.youtube.com/watch?v=86lfgkMjGDs"
        },
        {
            "type": "screenshot",
            "url": "https://gitlab.com/riccisi/foundryvtt-dice-so-nice/-/raw/master/screenshot1.jpg"
        },
        {
            "type": "screenshot",
            "url": "https://gitlab.com/riccisi/foundryvtt-dice-so-nice/-/raw/master/screenshot2.jpg"
        },
        {
            "type": "screenshot",
            "url": "https://gitlab.com/riccisi/foundryvtt-dice-so-nice/-/raw/master/screenshot3.jpg"
        },
        {
            "type": "screenshot",
            "url": "https://gitlab.com/riccisi/foundryvtt-dice-so-nice/-/raw/master/screenshot4.jpg"
        }
    ],
    "url": "https://gitlab.com/riccisi/foundryvtt-dice-so-nice",
    "manifest": "https://raw.githubusercontent.com/marcoswalker/modulos_foundry/main/dice-so-nice/module.json",
    "download": "https://raw.githubusercontent.com/marcoswalker/modulos_foundry/main/dice-so-nice.zip",
    "bugs": "https://gitlab.com/riccisi/foundryvtt-dice-so-nice/-/issues",
    "readme": "https://gitlab.com/riccisi/foundryvtt-dice-so-nice/-/blob/master/README.md",
    "flags": {
        "allowBugReporter": true
    }
}