{
  "id": "tokenmagic",
  "title": "Token Magic FX",
  "description": "<p>Add special effects and animations on your tokens, tiles, drawings and templates.</p>",
  "version": "0.6.8",
  "compatibility": {
    "minimum": "11",
    "verified": "12"
  },
  "authors": [
    {
      "name": "SecretFire",
      "flags": {}
    },
    {
      "name": "sPOiDar",
      "flags": {}
    },
    {
      "name": "Zimm",
      "flags": {}
    },
    {
      "name": "Lozalojo",
      "flags": {}
    },
    {
      "name": "Moerill",
      "flags": {}
    },
    {
      "name": "KLO",
      "flags": {}
    },
    {
      "name": "dev7355608",
      "flags": {}
    },
    {
      "name": "Mestre Digital",
      "flags": {}
    },
    {
      "name": "BrotherSharper-Touge",
      "flags": {}
    },
    {
      "name": "OsiJr",
      "flags": {}
    }
  ],
  "scripts": [
    "libs/filters/pixi-filters.js"
  ],
  "esmodules": [
    "module/tokenmagicBundle.js"
  ],
  "styles": [
    "styles/tokenmagic.css"
  ],
  "packs": [
    {
      "name": "tmMacros",
      "label": "TokenMagic Portfolio",
      "path": "packs/token-magic-portfolio",
      "type": "Macro",
      "flags": {},
      "ownership": {
        "PLAYER": "OBSERVER",
        "ASSISTANT": "OWNER"
      }
    },
    {
      "name": "tmSampleCompendium",
      "label": "TokenMagic Book of Fire",
      "path": "packs/token-magic-book-of-fire",
      "type": "Macro",
      "flags": {},
      "ownership": {
        "PLAYER": "OBSERVER",
        "ASSISTANT": "OWNER"
      }
    }
  ],
  "languages": [
    {
      "lang": "en",
      "name": "English",
      "path": "lang/en.json",
      "flags": {}
    },
    {
      "lang": "ru",
      "name": "Russian",
      "path": "lang/ru.json",
      "flags": {}
    },
    {
      "lang": "fr",
      "name": "French (FRANCE)",
      "path": "lang/fr.json",
      "flags": {}
    },
    {
      "lang": "pt-BR",
      "name": "Português (Brasil)",
      "path": "lang/pt-BR.json",
      "flags": {}
    },
    {
      "lang": "es",
      "name": "Spanish",
      "path": "lang/es.json",
      "flags": {}
    },
    {
      "lang": "ko",
      "name": "Korean",
      "path": "lang/ko.json",
      "flags": {}
    },
    {
      "lang": "zh-tw",
      "name": "正體中文",
      "path": "lang/zh-tw.json",
      "flags": {}
    },
    {
      "lang": "ja",
      "name": "日本語",
      "path": "lang/ja.json",
      "flags": {}
    }
  ],
  "socket": true,
  "url": "https://github.com/Feu-Secret/Tokenmagic",
  "manifest": "https://raw.githubusercontent.com/marcoswalker/modulos_foundry/main/tokenmagic/module.json",
  "download": "https://raw.githubusercontent.com/marcoswalker/modulos_foundry/main/tokenmagic.zip"
}