[
	{
		"name": "Flames 2",
		"library": "tmfx-template",
		"defaultTexture": "modules/tokenmagic/fx/assets/templates/black-tone-vstrong-opacity.png",
		"params": [
			{
				"filterType": "fire",
				"filterId": "Flames 2",
				"intensity": 1.5,
				"color": 16777215,
				"amplitude": 1.3,
				"time": 0,
				"blend": 2,
				"fireBlend": 1,
				"alphaDiscard": true,
				"zOrder": 1,
				"animated": {
					"time": {
						"active": true,
						"speed": -0.0016,
						"animType": "move"
					}
				}
			}
		]
	},
	{
		"name": "Flames 3",
		"library": "tmfx-template",
		"defaultTexture": "modules/tokenmagic/fx/assets/templates/black-tone-pure.png",
		"params": [
			{
				"filterType": "fire",
				"filterId": "Flames 3",
				"intensity": 1.5,
				"color": 16777215,
				"amplitude": 1.3,
				"time": 0,
				"blend": 2,
				"fireBlend": 1,
				"alphaDiscard": true,
				"zOrder": 1,
				"animated": {
					"time": {
						"active": true,
						"speed": -0.0016,
						"animType": "move"
					}
				}
			},
			{
				"filterType": "xglow",
				"filterId": "Flames 3",
				"auraType": 1,
				"color": 9449488,
				"thickness": 2,
				"scale": "3",
				"time": 0,
				"auraIntensity": 1,
				"subAuraIntensity": 1,
				"threshold": 0.4,
				"discard": true,
				"zOrder": 2,
				"animated": {
					"time": {
						"active": true,
						"speed": 0.0027,
						"animType": "move"
					},
					"thickness": {
						"active": true,
						"loopDuration": 3000,
						"animType": "cosOscillation",
						"val1": 2,
						"val2": 5
					}
				}
			}
		]
	},
	{
		"name": "Classic Rays 2",
		"library": "tmfx-template",
		"defaultTexture": "modules/tokenmagic/fx/assets/templates/black-tone-vstrong-opacity.png",
		"params": [
			{
				"filterType": "ray",
				"filterId": "Classic Rays 2",
				"time": 0,
				"color": 13598720,
				"alpha": 1,
				"divisor": 16,
				"anchorX": 0,
				"anchorY": 0,
				"alphaDiscard": true,
				"zOrder": 1,
				"animated": {
					"time": {
						"active": true,
						"speed": 0.0009,
						"animType": "move"
					}
				}
			}
		]
	},
	{
		"name": "Fire Rays",
		"library": "tmfx-template",
		"defaultTexture": "modules/tokenmagic/fx/assets/templates/black-tone-pure.png",
		"params": [
			{
				"filterType": "ray",
				"filterId": "Fire Rays",
				"time": 0,
				"color": 13598720,
				"alpha": 1,
				"divisor": 24,
				"anchorX": 0,
				"anchorY": 0,
				"alphaDiscard": true,
				"zOrder": 1,
				"animated": {
					"time": {
						"active": true,
						"speed": 0.0009,
						"animType": "move"
					}
				}
			},
			{
				"filterType": "glow",
				"filterId": "Fire Rays",
				"outerStrength": 1,
				"innerStrength": 1,
				"color": 9461760,
				"quality": 0.5,
				"padding": 10,
				"zOrder": 2
			},
			{
				"filterType": "fire",
				"filterId": "Fire Rays",
				"intensity": 1.5,
				"color": 16777215,
				"amplitude": 1.3,
				"time": 0,
				"blend": 2,
				"fireBlend": 1,
				"zOrder": 3,
				"animated": {
					"time": {
						"active": true,
						"speed": -0.0016,
						"animType": "move"
					}
				}
			}
		]
	}
]
