{
    "id": "barbrawl",
    "title": "Bar Brawl",
    "description": "Adds additional options for displaying multiple resource bars on a token.",
    "authors": [
        {
            "name": "Adrian Haberecht",
            "url": "https://gitlab.com/woodentavern",
            "discord": "dj_addi"
        }
    ],
    "version": "1.8.9",
    "compatibility": {"minimum": "12", "verified": "12"},
    "esmodules": ["barbrawl.js"],
    "styles": ["styles/attributeHud.css"],
    "languages": [
        {"lang": "de", "name": "Deutsch", "path": "lang/de.json", "flags": {}},
        {"lang": "en", "name": "English", "path": "lang/en.json", "flags": {}},
        {"lang": "ja", "name": "日本語", "path": "lang/ja.json", "flags": {}},
        {"lang": "ko", "name": "한국어", "path": "lang/ko.json", "flags": {}},
        {
            "lang": "pt-BR",
            "name": "Português (Brasil)",
            "path": "lang/pt-BR.json",
            "flags": {}
        },
        {"lang": "pl", "name": "Polski", "path": "lang/pl.json", "flags": {}}
    ],
    "url": "https://github.com/marcoswalker/modulos_foundry/tree/main/barbrawl",
    "manifest": "https://raw.githubusercontent.com/marcoswalker/modulos_foundry/main/barbrawl/module.json",
    "download": "https://raw.githubusercontent.com/marcoswalker/modulos_foundry/main/barbrawl.zip",
    "flags": {
        "hotReload": {
            "extensions": ["css", "hbs", "json"],
            "paths": ["styles/attributeHud.css", "templates", "lang"]
        }
    }
}