{
    "id": "token-hud-wildcard",
    "title": "Token HUD Wildcard",
    "description": "This module adds a button to the Token HUD if the token has wildcard set and detects more than 1 image to choose from. Pressing the button displays a panel on the right side of the HUD with buttons for each image, pressing one of these allows to change the token image. Originally created by Javieros.",
    "url": "https://github.com/mhilbrunner/token-hud-wildcard",
    "manifest": "https://raw.githubusercontent.com/marcoswalker/modulos_foundry/main/token-hud-wildcard/module.json",
    "download": "https://raw.githubusercontent.com/marcoswalker/modulos_foundry/main/token-hud-wildcard.zip",
    "version": "2.1.0",
    "compatibility": {
        "minimum": "11",
        "verified": "12"
    },
    "minimumCoreVersion": "11",
    "compatibleCoreVersion": "12",
    "scripts": [
        "main.js"
    ],
    "styles": [
        "./css/token-hud-wildcard.css"
    ],
    "languages": [
        {
            "lang": "en",
            "name": "English",
            "path": "lang/en.json"
        },
        {
            "lang": "es",
            "name": "Español (Spanish)",
            "path": "lang/es.json"
        },
        {
            "lang": "de",
            "name": "Deutsch",
            "path": "lang/de.json"
        }
    ]
}