{
	"id": "lib-wrapper",
	"name": "lib-wrapper",
	"title": "libWrapper",
	"description": "Library for wrapping core Foundry VTT methods, meant to improve compatibility between packages that wrap the same methods.",
	"version": "1.13.2.0",
	"authors": [{
		"name": "Rui Pinheiro",
		"url": "https://github.com/ruipin"
	}],
	"esmodules": ["lib-wrapper.js"],
	"styles": ["lib-wrapper.css"],
	"minimumCoreVersion": "0.6.5",
	"compatibleCoreVersion": "12",
	"compatibility": {
		"minimum": "0.6.5",
		"verified": "12"
	},
	"url": "https://github.com/ruipin/fvtt-lib-wrapper",
	"bugs": "https://github.com/ruipin/fvtt-lib-wrapper/issues",
	"languages": [
		{ "lang": "en", "name": "English", "path": "lang/en.json" },
		{ "lang": "pt-PT", "name": "Português (Portugal)", "path": "lang/pt-PT.json" },
		{ "lang": "pt-BR", "name": "Português (Brasil)", "path": "lang/pt-BR.json" },
		{ "lang": "es", "name": "Español", "path": "lang/es.json" },
		{ "lang": "ja", "name": "日本語", "path": "lang/ja.json" },
		{ "lang": "pl", "name": "Polski", "path": "lang/pl.json" }
	],
	"flags": {
		"git_version": "af99c01a2bd964c0e5a8ca6d3da2d17e05247727",
		"allowBugReporter": true
	},
	"library": true,
	"manifest": "https://raw.githubusercontent.com/marcoswalker/modulos_foundry/main/lib-wrapper/module.json",
	"download": "https://raw.githubusercontent.com/marcoswalker/modulos_foundry/main/lib-wrapper.zip"
}
