{
    "id": "polyglot",
    "title": "Polyglot",
    "description": "Talk to others using a language you can speak and scrambles text you can't understand, in several fantasy scripts.",
    "authors": [
        {
            "name": "Matheus Clemente",
            "discord": "mclemente#5524",
            "ko-fi": "mclemente"
        }
    ],
    "compatibility": {
        "minimum": "12",
        "verified": "12"
    },
    "esmodules": [
        "module/polyglot.js"
    ],
    "scripts": [
        "lib/select2/select2.min.js"
    ],
    "styles": [
        "lib/select2/select2.min.css",
        "styles/fonts.css",
        "styles/polyglot.css"
    ],
    "languages": [
        {
            "lang": "en",
            "name": "English",
            "path": "lang/en.json"
        },
        {
            "lang": "pt-BR",
            "name": "Português (Brasil)",
            "path": "lang/pt-BR.json"
        },
        {
            "lang": "es",
            "name": "Español",
            "path": "lang/es.json"
        },
        {
            "lang": "ko",
            "name": "Korean",
            "path": "lang/ko.json"
        },
        {
            "lang": "fr",
            "name": "French",
            "path": "lang/fr.json"
        },
        {
            "lang": "cs",
            "name": "Česky",
            "path": "lang/cs.json"
        },
        {
            "lang": "ja",
            "name": "日本語",
            "path": "lang/ja.json"
        },
        {
            "lang": "pl",
            "name": "Polski",
            "path": "lang/pl.json"
        },
        {
            "lang": "it",
            "name": "Italiano",
            "path": "lang/it.json"
        },
        {
            "lang": "fi",
            "name": "Suomi",
            "path": "lang/fi.json"
        },
        {
            "lang": "sv",
            "name": "Svenska",
            "path": "lang/sv.json"
        },
        {
            "lang": "de",
            "name": "Deutsch",
            "path": "lang/de.json"
        },
        {
            "lang": "cn",
            "name": "中文",
            "path": "lang/zh_Hans.json"
        }
    ],
    "url": "https://github.com/mclemente/fvtt-module-polyglot",
    "version": "2.4.22",
    "manifest": "https://raw.githubusercontent.com/marcoswalker/modulos_foundry/main/polyglot/module.json",
    "download": "https://raw.githubusercontent.com/marcoswalker/modulos_foundry/main/polyglot.zip"
}