{
  "id": "tagmar-token-fx",
  "title": "Tagmar Efeitos Mágicos",
  "description": "Adicionar efeitos mágicos em Magias e Tecnicas de Combate, usando Token Magic FX.",
  "authors": [
    {
      "name": "Marcos Walker",
      "url": "https://github.com/marcoswalker",
      "flags": {}
    }
  ],
  "version": "1.0.8",
  "url": "https://github.com/marcoswalker/tagmar-token-fx",
  "esmodules": [
    "scripts/main.js"
  ],
  "manifest": "https://raw.githubusercontent.com/marcoswalker/modulos_foundry/main/tagmar-token-fx/module.json",
  "download": "https://raw.githubusercontent.com/marcoswalker/modulos_foundry/main/tagmar-token-fx.zip",
  "relationships": {
    "requires": [
      {
        "id": "tokenmagic",
        "type": "module",
        "manifest": "https://raw.githubusercontent.com/marcoswalker/modulos_foundry/main/tokenmagic/module.json",
        "compatibility": {}
      }
    ],
    "systems": [
      {
        "id": "tagmar",
        "type": "system",
        "compatibility": {}
      },
      {
        "id": "tagmar_rpg",
        "type": "system",
        "compatibility": {}
      }
    ]
  },
  "compatibility": {
    "minimum": "12",
    "verified": "12.0"
  }
}